{
    "t": 61002.0,
    "e": 0.3903977729854951,
    "q": 1.0059188243259842,
    "tp": 61214.6368732394,
    "om": 3.7422838532751452,
    "w": 6.282162010636493,
    "i": 0.18651518237384612,
    "a2": 1.0043517587884281e-13
}